Device S/N,Vehicle,Driver,Group,VIN,Firmware,Config,Activation Date,Last Contact At,Blackout since
1102001077,1102001077,1102001077 ,Default Group,,,,Not Activated,,Not Activated
1112804601,1112804601,,Default Group,,,,Not Activated,,Not Activated
1081205619,1081205619,Eduardo Pedrosa,Default Group,,,,Not Activated,,Not Activated
1101602321,1101602321,,Default Group,,,,Not Activated,,Not Activated
0042285140,82474,DENA PAXTON,054,2C4RDGBG7KR649267,,,Not Activated,,Not Activated
1101903528,1101903528,,Default Group,,,,Not Activated,,Not Activated
1101805451,1101805451,1101805451 ,Default Group,,,,Not Activated,,Not Activated
1101905511,1101905511,1101905511 ,Default Group,,,,Not Activated,,Not Activated
0051286065,0051286065,,Default Group,,,,Not Activated,,Not Activated
1120305435,125 - UNKNOWN 85628R,,125,,,,Not Activated,,Not Activated
1112901430,91893,Kenneth Swanson,119,NM0LS7E26M1500929,,,Not Activated,,Not Activated
0042186016,Fitzhenry Allowance,,016,,,,Not Activated,,Not Activated
9011186057,9011186057,9011186057 ,Default Group,,,,Not Activated,,Not Activated
1120101680,1120101680,1120101680 ,Default Group,,,,Not Activated,,Not Activated
1101901075,1101901075,1101901075 ,158,,,,Not Activated,,Not Activated
1102005793,1102005793,1102005793 ,Default Group,,,,Not Activated,,Not Activated
1120302038,75372F,JAMES WEISE,075,1N6BF0KM7HN806095,,,Not Activated,,Not Activated
1102102726,1102102726,1102102726 ,Default Group,,,,Not Activated,,Not Activated
1102004114,1102004114,1102004114 ,Default Group,,,,Not Activated,,Not Activated
1101902471,1101902471,1101902471 ,Default Group,,,,Not Activated,,Not Activated
1101804874,1101804874,1101804874 ,Default Group,,,,Not Activated,,Not Activated
0090401096,Not Plugged In Candy,,218,,,,Not Activated,,Not Activated
0090401528,B143,,143,,,,Not Activated,,Not Activated
1120305639,88272,JORDAN HENDERSON,058,1N6BF0KM4KN809673,,,Not Activated,,Not Activated
1101801849,1101801849,,Default Group,,,,Not Activated,,Not Activated
1101801632,1101801632,,Default Group,,,,Not Activated,,Not Activated
0051387220,86918R,PATRICK PHILLIPS,129,2C4RDGBG8KR788954,,,Not Activated,,Not Activated
1101801222,John Phillips 1,,Default Group,,,,Not Activated,,Not Activated
1102004214,1102004214,1102004214 ,Default Group,,,,Not Activated,,Not Activated
0090402070,Missing 260,,Default Group,,,,Not Activated,,Not Activated
1101801974,1101801974,,Default Group,,,,Not Activated,,Not Activated
9053186079,9053186079,,129,,,,Not Activated,,Not Activated
1112402238,1112402238,1112402238 ,Default Group,,,,Not Activated,,Not Activated
1101902750,1101902750,1101902750 ,Default Group,,,,Not Activated,,Not Activated
1101905836,1101905836,1101905836 ,Default Group,,,,Not Activated,,Not Activated
1102002353,1102002353,1102002353 ,Default Group,,,,Not Activated,,Not Activated
0051287034,0051287034,,Default Group,,,,Not Activated,,Not Activated
0051386186,Additional device,,075,,,,Not Activated,,Not Activated
1112904216,1112904216,1112904216 ,Default Group,,,,Not Activated,,Not Activated
1101905052,John Phillips 2,1101905052 ,Default Group,,,,Not Activated,,Not Activated
1101805708,500523,Brian Millsaps,106,1FTYR1ZM1KKB20756,,,Not Activated,,Not Activated
1112701485,1112701485,,Default Group,,,,Not Activated,,Not Activated
0051186129,82471,CYGLENDA ABBOTT,054,2C4RDGBG0KR649160,,,Not Activated,,Not Activated
1102104242,1102104242,1102104242 ,Default Group,,,,Not Activated,,Not Activated
1101905248,1101905248,1101905248 ,Default Group,,,,Not Activated,,Not Activated
0090401232,524336,Dave Baxter,213,2C4RDGCG9DR524336,,,Not Activated,,Not Activated
1102104349,1102104349,1102104349 ,Default Group,,,,Not Activated,,Not Activated
1101605571,1101605571,,Default Group,,,,Not Activated,,Not Activated
1112705581,1112705581,1112705581 ,Default Group,,,,Not Activated,,Not Activated
1120205862,81291F,Jerry Thurman,175,,,,Not Activated,,Not Activated
8111085001,118 3g,,Default Group,,,,Not Activated,,Not Activated
1101904996,1101904996,1101904996 ,Default Group,,,,Not Activated,,Not Activated
1112903919,91974,James Holman,119,1FTYE1Y86MKA07436,,,Not Activated,,Not Activated
9061204212,9061204212,9061204212 ,Default Group,,,,Not Activated,,Not Activated
1120304050,81751F,Charles Missinne,175,1N6BF0KM1JN818619,,,Not Activated,,Not Activated
8110985050,8110985050,8110985050 ,Default Group,,,,Not Activated,,Not Activated
1101803281,1101803281,,Default Group,,,,Not Activated,,Not Activated
1102105418,1102105418,1102105418 ,001,,,,Not Activated,,Not Activated
1120103372,1120103372,1120103372 ,Default Group,,,,Not Activated,,Not Activated
1102102633,1102102633,1102102633 ,Default Group,,,,Not Activated,,Not Activated
1101902120,1101902120,1101902120 ,Default Group,,,,Not Activated,,Not Activated
1101901330,1101901330,1101901330 ,Default Group,,,,Not Activated,,Not Activated
1102102133,1102102133,1102102133 ,Default Group,,,,Not Activated,,Not Activated
1102104479,1102104479,1102104479 ,Default Group,,,,Not Activated,,Not Activated
1102005753,1102005753,1102005753 ,Default Group,,,,Not Activated,,Not Activated
1102002301,1102002301,1102002301 ,Default Group,,,,Not Activated,,Not Activated
1101801638,1101801638,,122,,,,Not Activated,,Not Activated
9053185036,9053185036,,129,,,,Not Activated,,Not Activated
1102005590,80118S,,065,1N6BF0KY6JN804251,,,Not Activated,,Not Activated
1101803676,1101803676,,Default Group,,,,Not Activated,,Not Activated
1102001367,1102001367,1102001367 ,Default Group,,,,Not Activated,,Not Activated
1101805192,1101805192,1101805192 ,Default Group,,,,Not Activated,,Not Activated
1102101844,1102101844,1102101844 ,Default Group,,,,Not Activated,,Not Activated
1101904465,1101904465,1101904465 ,Default Group,,,,Not Activated,,Not Activated
1102004530,1102004530,1102004530 ,001,,,,Not Activated,,Not Activated
0090401652,Not Plugged In Pool,,215,,,,Not Activated,,Not Activated
1101805961,95660,TIMOTHY BARTLETT,913,,,,Not Activated,,Not Activated
9121387002,9121387002,9121387002 ,Default Group,,,,Not Activated,,Not Activated
1112703331,86752,Jeff Pins,930,1N6BF0KM4KN801265,,,Not Activated,,Not Activated
1101802275,1101802275,,Default Group,,,,Not Activated,,Not Activated
9011185046,Unassigned 118,,Default Group,,,,Not Activated,,Not Activated
1101805930,1101805930,1101805930 ,Default Group,,,,Not Activated,,Not Activated
1101903124,1101903124,1101903124 ,Default Group,,,,Not Activated,,Not Activated
1112905377,1112905377,1112905377 ,001,,,,Not Activated,,Not Activated
2201601400,2201601400,2201601400 ,175,,,,Not Activated,,Not Activated
1101902996,82742F,TJ MCENANY,940,1N4BL4DV0KC154468,,,Not Activated,,Not Activated
1101904473,1101904473,1101904473 ,084,,,,Not Activated,,Not Activated
1101803569,1101803569,,019,,,,Not Activated,,Not Activated
1121603223,1121603223,1121603223 ,Default Group,,,,Not Activated,,Not Activated
0090402702,Travis - 3883,,233,2C4RDGCG3GR273883,,,Not Activated,,Not Activated
1121605194,Missing 013,,Default Group,,,,Not Activated,,Not Activated
1101804508,1101804508,1101804508 ,Default Group,,,,Not Activated,,Not Activated
0090401334,Travis - 1592,,219,,,,Not Activated,,Not Activated
1102102572,1102102572,1102102572 ,Default Group,,,,Not Activated,,Not Activated
0090401851,0090401851,,Default Group,,,,Not Activated,,Not Activated
1102004352,1102004352,1102004352 ,Default Group,,,,Not Activated,,Not Activated
1101805690,1101805690,1101805690 ,Default Group,,,,Not Activated,,Not Activated
0051286016,72853,MIKE EDNEY,094,3N6CM0KN9GK692138,,,Not Activated,,Not Activated
1112402804,Lost at shop 065,,Default Group,,,,Not Activated,,Not Activated
1101805555,1101805555,1101805555 ,Default Group,,,,Not Activated,,Not Activated
1101905315,1101905315,1101905315 ,Default Group,,,,Not Activated,,Not Activated
0042387030,86874,Jason Miller,071,1N4BL4DV6KC250007,,,Not Activated,,Not Activated
1101904380,1101904380,1101904380 ,Default Group,,,,Not Activated,,Not Activated
1101903692,1101903692,1101903692 ,Default Group,,,,Not Activated,,Not Activated
1102103153,1102103153,1102103153 ,Default Group,,,,Not Activated,,Not Activated
0090402564,0090402564,,Default Group,,,,Not Activated,,Not Activated
1101804614,1101804614,1101804614 ,Default Group,,,,Not Activated,,Not Activated
1112904837,81235F,HECTOR ACEVEDO,119,3N6CM0KN2JK704749,,,Not Activated,,Not Activated
1101803513,1101803513,Mark Koller,Default Group,,,,Not Activated,,Not Activated
1112802511,96364,Arron Moxon,245,1N6AF0KYXMN810439,,,Not Activated,,Not Activated
1101805358,1101805358,1101805358 ,005,,,,Not Activated,,Not Activated
1101903829,1101903829,1101903829 ,Default Group,,,,Not Activated,,Not Activated
1112705850,1112705850,,Default Group,,,,Not Activated,,Not Activated
1102002744,1102002744,1102002744 ,Default Group,,,,Not Activated,,Not Activated
0090402953,Not Plugged In Shop,,218,,,,Not Activated,,Not Activated
1102103030,1102103030,1102103030 ,Default Group,,,,Not Activated,,Not Activated
1101804354,1101804354,1101804354 ,Default Group,,,,Not Activated,,Not Activated
1112803264,1112803264,1112803264 ,Default Group,,,,Not Activated,,Not Activated
0051185039,0051185039,,Default Group,,,,Not Activated,,Not Activated
1101801739,1101801739,,Default Group,,,,Not Activated,,Not Activated
0051485007,79604,JON MIZE,129,2C4RDGCG2GR179526,,,Not Activated,,Not Activated
1112901619,Missing 175,,Default Group,,,,Not Activated,,Not Activated
0090402266,0090402266,Michael Baldwin,Default Group,,,,Not Activated,,Not Activated
1101805869,1101805869,1101805869 ,Default Group,,,,Not Activated,,Not Activated
1102001449,1102001449,1102001449 ,Default Group,,,,Not Activated,,Not Activated
1101902903,1101902903,1101902903 ,Default Group,,,,Not Activated,,Not Activated
1101904691,1101904691,1101904691 ,Default Group,,,,Not Activated,,Not Activated
0042187026,83643F,Joe Schumacher,001,1N4BL4DV8KC146179,,,Not Activated,,Not Activated
1102101134,1102101134,1102101134 ,Default Group,,,,Not Activated,,Not Activated
1101801375,1101801375,,Default Group,,,,Not Activated,,Not Activated
1101805847,1101805847,1101805847 ,Default Group,,,,Not Activated,,Not Activated
1121605348,91891,Jacob Schwartz,019,NM0LS7E21M1500790,,,Not Activated,,Not Activated
1101801811,1101801811,,097,,,,Not Activated,,Not Activated
1101801110,1101801110,,Default Group,,,,Not Activated,,Not Activated
1101805420,1101805420,1101805420 ,Default Group,,,,Not Activated,,Not Activated
1101903606,1101903606,1101903606 ,Default Group,,,,Not Activated,,Not Activated
1112905513,76294F,Thomas Deveno,106,1N6BF0KM6JN800360,,,Not Activated,,Not Activated
1112703860,1112703860,1112703860 ,Default Group,,,,Not Activated,,Not Activated
0051287036,0051287036,,Default Group,,,,Not Activated,,Not Activated
1101802552,1101802552,,Default Group,,,,Not Activated,,Not Activated
0051287032,3g 117,,Default Group,,,,Not Activated,,Not Activated
1112701011,1112701011,1112701011 ,Default Group,,,,Not Activated,,Not Activated
1112903592,91938,,119,1FTYE1Y84MKA07435,,,Not Activated,,Not Activated
1102005407,1102005407,1102005407 ,Default Group,,,,Not Activated,,Not Activated
1102105247,1102105247,1102105247 ,Default Group,,,,Not Activated,,Not Activated
1120303776,85197R,Kelly Honeycutt,071,3C6TRVNG6KE531808,,,Not Activated,,Not Activated
0042186040,Galietta Allowance,,016,,,,Not Activated,,Not Activated
9011185024,Missing 940,,Default Group,,,,Not Activated,,Not Activated
1101801721,1101801721,,Default Group,,,,Not Activated,,Not Activated
1101803223,1101803223,,076,,,,Not Activated,,Not Activated
0051485012,83728,,129,,,,Not Activated,,Not Activated
9061204078,Error 4,,013,,,,Not Activated,,Not Activated
1101903956,86912R,ALBERT ALVARADO,117,2C4RDGBG4KR788949,,,Not Activated,,Not Activated
1120204179,90694,Kenny Perez,003,1N6BF0KM2LN808328,,,Not Activated,,Not Activated
1112901753,1112901753,1112901753 ,Default Group,,,,Not Activated,,Not Activated
1102005704,1102005704,1102005704 ,Default Group,,,,Not Activated,,Not Activated
0090402670,0090402670,Chris Marais,Default Group,,,,Not Activated,,Not Activated
0051186127,82216,,122,,,,Not Activated,,Not Activated
1101805840,1101805840,1101805840 ,Default Group,,,,Not Activated,,Not Activated
1102101930,1102101930,1102101930 ,Default Group,,,,Not Activated,,Not Activated
0090403017,0090403017,Michael Conley,Default Group,,,,Not Activated,,Not Activated
1112801281,91895,Ryan Carillo,024,NM0LS7E24M1500931,,,Not Activated,,Not Activated
0042285055,76286S,DARRYL HOSMANEK,023,2C4RDGBG7HR831141,34D0017538,FL.2101,28-Jul-2020 14:43,17-Jan-2022 13:23,188d 17h 
1101801344,250 - Pool Van 2,,250,,34D0017538,FL.2101,13-Jan-2022 08:40,28-Jan-2022 07:35,178d 0h 
1102005792,94680,Jeff Dudley,129,1FTYE1Y81LKB42967,34D0017538,FL.2101,20-Jan-2022 10:08,31-Jan-2022 12:43,174d 19h 
9012486011,67567,Craig Peters,107,1GCWGGCF8F1285791,34D0017538,FL.2101,05-Aug-2020 12:17,01-Feb-2022 13:12,173d 18h 
0051385180,75965,JOHN VAN GORDER,088,5FNRL5H43CB012104,34D0017538,FL.2101,25-Aug-2020 11:31,19-Feb-2022 12:42,155d 16h 
0090402583,086735,Steve Jeske,259,WD3PG2EAXG3086735,34D0017739,FL.2201,08-Oct-2020 07:25,07-Mar-2022 17:20,139d 11h 
0051187043,extra079,,Default Group,,34D0017739,FL.2201,04-Aug-2020 07:28,08-Mar-2022 14:05,138d 16h 
1102101975,83728R,JASON HARDEY,129,2C4RDGBGXKR504854,34D0017538,FL.2101,25-Jan-2022 08:06,09-Mar-2022 10:17,137d 21h 
8110682105,82229F,George Ware,088,1N6BF0KM4JN810255,0B8.08,CZ.601,14-Jan-2019 13:59,15-Mar-2022 13:27,131d 16h 
8110681065,91914,Thomas Byrnes,087,1FTYE1Y8XMKA07469,0B8.08,CZ.601,07-Dec-2018 09:59,16-Mar-2022 11:49,130d 21h 
0051286062,76119S,,188,1N6BF0KMXHN809282,34D0017739,FL.2201,04-Aug-2020 14:26,17-Mar-2022 09:07,129d 20h 
8110682108,91894,Guillermo Gonzalez,016,NM0LS7E22M1500930,0B8.08,CZ.601,11-Dec-2018 17:33,18-Mar-2022 15:30,128d 16h 
9020682008,3G 005,,Default Group,,0B8.08,CZ.601,21-May-2019 16:52,18-Mar-2022 16:39,128d 16h 
8110581411,76117,Todd Grafton,115,1N6BF0KM3HN809219,0B8.08,CZ.601,04-Dec-2018 13:28,18-Mar-2022 17:11,128d 15h 
1102104961,93757,Seth Parks,175,1FTYE1Y86MKA38539,34D0017538,FL.2101,08-Feb-2022 10:27,21-Mar-2022 14:17,125d 17h 
0090401260,Kevin P,Kevin Petrarca,076,2C4RDGBG7GR108632,34D0017739,FL.2201,08-Oct-2020 18:17,22-Mar-2022 12:10,124d 19h 
1101804012,A51886,SPARE VAN - 54,256,1FTNE2EW6CDA51886,34D0017739,FL.2201,20-Jan-2022 10:04,28-Mar-2022 10:23,118d 22h 
0020585046,82648R,,023,3C6TRVNG9KE533164,34D0017739,FL.2201,18-Jun-2020 08:36,28-Mar-2022 15:15,118d 16h 
0042286236,71009,,084,,34D0017739,FL.2201,10-Jun-2020 11:54,08-Apr-2022 16:57,107d 16h 
9120687031,91916,Charles Mitchell,054,1FTYE1Y83MKA07474,34D0017739,FL.2201,14-Jan-2022 18:06,13-Apr-2022 14:53,102d 18h 
0051187056,250 - UNKNOWN,,250,,34D0017538,FL.2101,02-Apr-2021 08:16,18-Apr-2022 07:42,98d 1h 
1101902406,XXXXXXXXXX,,250,,34D0017538,FL.2101,09-Mar-2022 17:05,23-Apr-2022 11:06,92d 21h 
1101803897,88511,1101803897 ,057,NM0LS7F79F1215428,34D0017739,FL.2201,26-Apr-2022 08:45,27-Apr-2022 14:49,88d 18h 
0090401983,213537,,237,1GNFH15Z571213537,34D0017739,FL.2201,20-Oct-2020 15:07,28-Apr-2022 11:29,87d 18h 
0051186014,95619,ANGELA STEPHENS,151,3N6CM0KN3MK696651,34D0017739,FL.2201,24-Jun-2020 07:52,29-Apr-2022 06:49,87d 2h 
0042286022,81838F,,084,3N6CM0KN2KK691213,34D0017739,FL.2201M,12-Jun-2020 09:53,29-Apr-2022 15:21,86d 17h 
1101802848,1101802848,,255,,34D0017739,FL.2201,19-Apr-2022 13:28,02-May-2022 08:47,84d 0h 
2201402379,82297F,Carlos Orozco,180,1N6BF0KM3JN812532,34D00178FF,FL.2201,02-May-2022 09:54,02-May-2022 10:20,83d 22h 
0090401003,93058,Martin Ramirez,218,NM0LS7S24N1506671,34D0017739,FL.2201,08-Oct-2020 15:48,02-May-2022 10:47,83d 21h 
0051185054,78379S,Mike Fisher,161,1N6BF0KM9JN801423,34D0017739,FL.2201M,26-Jun-2020 10:15,03-May-2022 06:36,83d 1h 
1102104835,A40641,SPARE VAN - 47,256,1FTNE2EW2ADA40641,34D0017739,FL.2201M,25-Jan-2022 09:41,03-May-2022 11:14,82d 21h 
1102104348,A72653,Mark Wood,258,1FTNE2EW0CDA72653,34D0017739,FL.2201M,15-Apr-2022 08:58,04-May-2022 11:05,81d 21h 
1101901511,1101901511,,001,,34D0017739,FL.2201M,18-Apr-2022 10:19,04-May-2022 16:52,81d 16h 
0090403013,079407,Gary Martin,165,WD3PG2EA2G3079407,34D0017739,FL.2201,03-Nov-2020 10:09,04-May-2022 14:15,81d 15h 
9012101251,82791F,NSM Inhouse,004,2C4RDGBG8KR587068,34D0017739,FL.2201,25-Aug-2020 17:57,05-May-2022 08:22,80d 23h 
1101904630,B05335,Craig Hernandez,258,1FTNE2EWXCDB05335,34D0017739,FL.2201M,15-Apr-2022 09:14,05-May-2022 09:59,80d 23h 
1101804522,87336,ANGELA SMITH,245,3N6CM0KN0KK708686,34D0017739,FL.2201M,10-Jan-2022 11:30,05-May-2022 11:05,80d 18h 
1101702324,91874,DEBBIE MORGAN,089,NM0LS7E29M1500813,34D0017739,FL.2201,01-Mar-2022 13:52,05-May-2022 15:09,80d 16h 
1102001486,1102001486,,001,,34D0017739,FL.2201M,15-Apr-2022 08:57,05-May-2022 19:57,80d 13h 
0042087139,80152S,,205,,34D0017739,FL.2201,16-Jun-2020 17:39,06-May-2022 08:25,79d 22h 
1101904083,1101904083,,001,,34D0017739,FL.2201,15-Apr-2022 10:01,06-May-2022 12:11,79d 20h 
1101805920,1101805920,,001,,34D0017739,FL.2201M,15-Apr-2022 10:12,06-May-2022 14:46,79d 18h 
1102005256,A10099,SPARE VAN - 73,256,1FTNE2EW5EDA10099,34D0017739,FL.2201M,25-Jan-2022 17:12,06-May-2022 17:31,79d 15h 
1102101352,1102101352,,001,,34D0017739,FL.2201M,15-Apr-2022 09:15,06-May-2022 20:25,79d 12h 
1101801279,1101801279,,Default Group,,34D0017538,FL.2101,03-May-2022 15:28,10-May-2022 09:24,75d 20h 
0051186027,80107S,,001,1N4AL3AP5JC163533,34D0017739,FL.2201,17-Jun-2020 13:15,20-May-2022 17:32,65d 15h 
0051286095,0051286095,,204,,34D0017739,FL.2201,14-Jul-2020 15:53,01-Jun-2022 08:22,53d 21h 
1101801647,91960,Jacob McGraw,054,1FTYE1Y85MKA07475,34D0017739,FL.2201,28-Jan-2022 13:58,13-Jun-2022 20:24,41d 12h 
9012385022,76285,JEFFREY TILFORD,139,2C4RDGBG9HR831139,34D0017739,FL.2201,31-Oct-2019 11:43,17-Jun-2022 17:01,37d 15h 
1101601572,1101601572,,005,,34D0017538,FL.2101,22-Jun-2022 09:42,23-Jun-2022 08:49,32d 0h 
1102004087,90324,Mark Beaman,070,3C6UR5HJ7LG111864,34D0017739,FL.2201M,16-Jun-2022 07:08,24-Jun-2022 10:12,30d 19h 
1101904693,A19520,,256,1FTNE2EW9EDA19520,34D0017739,FL.2201M,13-Jan-2022 16:33,27-Jun-2022 02:30,28d 6h 
9011085227,97371,Michael Ruggiero,045,3N6CM0KN1MK707971,34D0017739,FL.2201M,22-Oct-2019 08:17,29-Jun-2022 12:35,25d 20h 
1102101110,1102101110,,001,,34D0017739,FL.2201M,19-Apr-2022 16:38,30-Jun-2022 10:37,24d 22h 
1101805724,1101805724,,001,,34D0017739,FL.2201M,20-Apr-2022 08:25,30-Jun-2022 12:09,24d 20h 
1101801761,93587,Aaron Cypert,260,2C4RDGBG7LR236895,34D0017538,FL.2101,06-Jul-2022 11:46,07-Jul-2022 14:55,17d 17h 
1101903703,1101903703,,001,,34D0017739,FL.2201M,17-Jun-2022 13:19,07-Jul-2022 17:14,17d 15h 
1101803519,93700,Steven Porter,237,WD3PG2EA2J3378385,34D0017739,FL.2201M,18-Jan-2022 10:32,08-Jul-2022 09:54,16d 20h 
1112702856,76868S,,258,3N6CM0KN9HK702202,34D0027806,FL.2201M,11-May-2022 18:11,11-Jul-2022 08:21,14d 0h 
1112403580,86896,Gianni Bisceglia,118,1N6BF0KM6KN807861,34D0027806,FL.2201,07-Jul-2022 11:28,11-Jul-2022 09:29,13d 23h 
1112303880,75946S,Kevin Lanning,131,1N4AL3AP0HC140364,34D0027806,FL.2201,29-Jun-2022 15:36,11-Jul-2022 16:08,13d 16h 
1101802370,82554,Isreal Hernandez,070,1N6BF0KM4KN805980,34D0017739,FL.2201M,18-May-2022 09:07,13-Jul-2022 09:46,11d 20h 
1112802389,76122,Dave Butcher,004,W1YV0CEYXL3695625,34D0027806,FL.2201M,25-May-2022 06:41,13-Jul-2022 17:13,11d 14h 
1112702566,79022S,Thomas Miller,018,,34D0027806,FL.2201M,11-Apr-2022 11:48,14-Jul-2022 09:14,10d 20h 
1052204887,98163,Jane Schmitz,911,5N1AT3BBXMC771691,34D0017739,FL.2201M,22-Feb-2022 16:37,15-Jul-2022 09:06,9d 20h 
1102005713,85960R,JAMIE LACOURSE,181,2C4RDGBG8KR730116,34D0017739,FL.2201M,07-Apr-2022 08:21,17-Jul-2022 11:45,7d 21h 
1101801212,91952,Luis Garcia,070,1FTYE1Y85MKA07489,34D0017739,FL.2201M,26-May-2022 09:14,18-Jul-2022 15:05,6d 14h 
0051187047,88509F,JUSTIN ROMANIAK,057,1GAZGPFF0G1180858,34D0017739,FL.2201M,04-Aug-2020 11:39,19-Jul-2022 03:52,6d 5h 
0090402200,93688,Randy Keith,143,2C4RDGCG6JR240500,34D0017135,FL.2001,23-May-2022 15:43,19-Jul-2022 08:36,6d 0h 
1102001278,91940,Bennie Jones,072,1FTYE1Y80MKA07481,34D0017739,FL.2201M,17-May-2022 17:14,19-Jul-2022 15:33,5d 16h 
